<?xml version="1.0"?>
<!--FlyWiiGUI, Version 2.3.1.0-->
<!--GUI Settings-->
<!--Do not change this file manually, unless you know what are you doing-->
<PARAMETERS>
    <FCVERSION value="23" />
    <LOGFOLDER value="E:\2020project\arduino drone 2020\Flywii Gui 17\WinGui18\MultiWiiWinGUI\bin\Release\Logs" />
    <CAPTUREFOLDER value="E:\2020project\arduino drone 2020\Flywii Gui 17\WinGui18\MultiWiiWinGUI\bin\Release\Captures" />
    <SETTINGSFOLDER value="E:\2020project\arduino drone 2020\Flywii Gui 17\WinGui18\MultiWiiWinGUI\bin\Release\Settings" />
    <LOGATCONNECT value="False" />
    <SERIALPORT value="COM14" />
    <SERIALSPEED value="115200" />
    <LOGRAW value="False" />
    <LOGATT value="False" />
    <LOGMAG value="False" />
    <LOGRCC value="False" />
    <LOGRCX value="False" />
    <LOGMOT value="False" />
    <LOGSRV value="False" />
    <LOGNAV value="False" />
    <LOGPAR value="False" />
    <LOGDBG value="False" />
    <LOGEXL value="True" />
    <MAPPROVIDER value="3" />
    <SPEECH_ENABLED value="True" />
    <ANNOUNCE_ALT value="False" />
    <ANNOUNCE_VBAT value="False" />
    <ANNOUNCE_DIST value="False" />
    <ANNOUNCE_INTERVAL value="2" />
    <CELLCOUNT value="1" />
    <MAX_WP_NUMBER value="178" />
    <WP_RADIUS value="100" />
</PARAMETERS>